{
  "runtime": "typescript",
  "timestamp": "2026-07-02T23:43:24.994Z",
  "system": {
    "os": "darwin 25.2.0",
    "arch": "arm64",
    "cpus": 16,
    "memory_gb": 128,
    "runtime_version": "Bun 1.3.14",
    "platform": "typescript"
  },
  "scenarios": {
    "single-message": {
      "iterations": 1,
      "warmup": 0,
      "latency": {
        "min_ms": 13945.897375,
        "max_ms": 13945.897375,
        "avg_ms": 13945.897375,
        "median_ms": 13945.897375,
        "p95_ms": 13945.897375,
        "p99_ms": 13945.897375,
        "stddev_ms": 0,
        "raw_ms": [
          13945.897375
        ]
      },
      "throughput": {
        "messages_per_second": 0.07170567609314564,
        "total_messages": 1,
        "total_time_ms": 13945.897375
      },
      "pipeline": {
        "compose_state_avg_ms": 3.8415000000000816,
        "provider_execution_avg_ms": 0,
        "should_respond_avg_ms": 0,
        "model_call_avg_ms": 6950.0379585,
        "action_dispatch_avg_ms": 0,
        "evaluator_avg_ms": 0,
        "memory_create_avg_ms": 0.1489374999997608,
        "memory_get_avg_ms": 0.4784508181817738,
        "model_time_total_ms": 13900.075917,
        "framework_time_total_ms": 45.82145800000035
      },
      "resources": {
        "memory_rss_start_mb": 144.46875,
        "memory_rss_peak_mb": 169.296875,
        "memory_rss_end_mb": 169.296875,
        "memory_delta_mb": 24.828125,
        "heap_used_start_mb": 18.66667079925537,
        "heap_used_peak_mb": 23.931453704833984,
        "heap_used_end_mb": 23.931453704833984
      }
    }
  }
}